OBJECTID,Street,SAFStreetName,FeatureTyp,SegmentTyp,IncExFlag,RB_Layer,NonPed,TrafDir,TrafSrc,SpecAddr,FaceCode,SeqNum,StreetCode,SAFStreetCode,LGC1,LGC2,LGC3,LGC4,LGC5,LGC6,LGC7,LGC8,LGC9,BOE_LGC,SegmentID,SegCount,LocStatus,LZip,RZip,LBoro,RBoro,L_CD,R_CD,LATOMICPOLYGON,RATOMICPOLYGON,LCT2020,LCT2020Suf,RCT2020,RCT2020Suf,LCB2020,LCB2020Suf,RCB2020,RCB2020Suf,LCT2010,LCT2010Suf,RCT2010,RCT2010Suf,LCB2010,LCB2010Suf,RCB2010,RCB2010Suf,LCT2000,LCT2000Suf,RCT2000,RCT2000Suf,LCB2000,LCB2000Suf,RCB2000,RCB2000Suf,LCT1990,LCT1990Suf,RCT1990,RCT1990Suf,LAssmDist,LElectDist,RAssmDist,RElectDist,SplitElect,LSchlDist,RSchlDist,SplitSchl,LSubSect,RSubSect,SanDistInd,MapFrom,MapTo,BoroBndry,MH_RI_Flag,XFrom,YFrom,XTo,YTo,ArcCenterX,ArcCenterY,CurveFlag,Radius,NodeIDFrom,NodeIDTo,NodeLevelF,NodeLevelT,ConParity,Twisted,RW_TYPE,PhysicalID,GenericID,NYPDID,FDNYID,LBlockFaceID,RBlockFaceID,LegacyID,Status,StreetWidth_Min,StreetWidth_Max,StreetWidth_Irr,BikeLane,BIKE_TRAFDIR,ACTIVE_FLAG,POSTED_SPEED,Snow_Priority,Number_Travel_Lanes,Number_Park_Lanes,Number_Total_Lanes,Carto_Display_Level,FCC,ROW_Type,LLo_Hyphen,LHi_Hyphen,RLo_Hyphen,RHi_Hyphen,FromLeft,ToLeft,FromRight,ToRight,Join_ID,L_PD_Service_Area,R_PD_Service_Area,TRUCK_ROUTE_TYPE,SHAPE_Length,facility_classes,allclasses,ft_facilities,tf_facilities,route_records,crash_count,persons_injured,persons_killed,ped_injured,ped_killed,cyclist_injured,cyclist_killed,motorist_injured,motorist_killed,afternoon,evening,morning,vru_injured,vru_killed,traffic_days,morning_traffic,afternoon_traffic,evening_traffic,total_7_24_traffic,school_count_500ft,subway_count_500ft,vz_priority,length_ft,length_mi,crash_den_mi,vru_injury_den_mi,crash_den_capped,vru_den_capped,crash_norm,vru_norm,school_norm,subway_norm,final_score,rank,score_balanced,score_safety,score_access,scenario_hits,near_protected_network,start_connected,end_connected,connectivity_score,connectivity_norm,final_score_v2,rank_v2,score_balanced_v2,score_safety_v2,score_access_v2
102628,WEST 42 STREET,                                ,0,U, ,B, ,T,DOT, ,4990,02030,134610,      ,01,  ,  ,  ,  ,  ,  ,  ,  ,1,34053,2,X,10036,10036,1.0,1.0,105,105,108,107, 113,  , 119,  ,1001, ,1005, , 113,  , 119,  ,1001, ,1006, , 113,  , 119,  ,1001, ,1006, , 113,  , 119,  ,75,023,75,023, ,02,02,,1A,2A,L,8D ,8D , , ,988017,214638,987866,214721,0,0, ,0,0021456,0021407,M,M, , , 1,1733.0,1513.0,       ,       ,1222601284,1222603501,0034053,2,55.0,55.0, , 3,TF,,25,C, 2, 2, 4,10,  , ,    170,    198,    173,    199,170,198,173,199,1499001000000, , ,2,172.15806396180298,III,III,,"Shared,Signed Route",2,20.0,11.0,0.0,4.0,0.0,4.0,0.0,2.0,0.0,7.0,11.0,2.0,8.0,0.0,,,,,,0,11,1,172.15806396180298,0.03260569393215965,613.3897975492433,245.35591901969732,380.0526225696338,121.69642606045448,1.0,1.0,0.0,0.36666666666666664,0.7366666666666666,17,0.7366666666666666,0.8683333333333334,0.605,3,1,1,1,2,1.0,0.7866666666666666,1,0.7866666666666666,0.8683333333333333,0.655
102789,EAST 106 STREET,                                ,0,U, ,B, ,T,DOT, ,2100,00040,119090,      ,01,03,  ,  ,  ,  ,  ,  ,  ,1,38073,2, ,10029,10029,1.0,1.0,111,111,202,203, 172,  , 172,  ,4001, ,4002, , 172,  , 172,  ,4001, ,4002, , 172,01, 172,01,2001, ,2002, , 172,01, 172,01,68,044,68,044, ,04,04,,1A,1A, ,6B ,6B , , ,999125,227918,999569,227672,0,0, ,0,0023827,0023830,M,M, , , 1,27914.0,23965.0,       ,       ,1322603764,1322605266,0038073,2,60.0,60.0, , 2,TW,,25,C, 4, 2, 6,,  , ,    143,    199,    136,    198,143,199,136,198,1210001030000, , , ,507.6182704607023,II,II,Conventional,Conventional,1,41.0,29.0,0.0,11.0,0.0,5.0,0.0,11.0,0.0,17.0,16.0,8.0,16.0,0.0,,,,,,4,0,1,507.6182704607023,0.09613982395089059,426.4621913697627,166.42426980283423,380.0526225696338,121.69642606045448,1.0,1.0,0.5,0.0,0.7999999999999999,2,0.7999999999999999,0.9000000000000001,0.7,3,1,0,1,1,0.5,0.775,2,0.775,0.8500000000000001,0.6499999999999999
115594,EAST 110 STREET,                                ,0,U, ,B, ,W,DOT, ,2140,00057,119170,      ,01,02,  ,  ,  ,  ,  ,  ,  ,1,294216,1, ,10029,10029,1.0,1.0,111,111,104,101, 172,  , 172,  ,1003, ,5000, , 172,  , 172,  ,1003, ,5000, , 172,02, 172,01,1003, ,1000, , 172,02, 172,01,68,028,68,036, ,04,04,,2A,1A, ,6B ,6B , , ,999937,228688,1000085,228606,0,0, ,0,9045211,0042006,M,M, , , 1,172131.0,158468.0,       ,       ,1322606695,1322607074,0038091,2,30.0,30.0, , 2,FT,,25,C, 1, 2, 3,10,  , ,    171,    199,    174,    198,171,199,174,198,1214001020000, , , ,169.48046251959502,II,II,Conventional,,1,15.0,12.0,0.0,4.0,0.0,1.0,0.0,5.0,0.0,8.0,6.0,1.0,5.0,0.0,,,,,,3,4,1,169.48046251959502,0.032098572446892994,467.31050188657025,155.7701672955234,380.0526225696338,121.69642606045448,1.0,1.0,0.375,0.13333333333333333,0.7883333333333333,4,0.7883333333333333,0.8941666666666668,0.6825,3,1,0,1,1,0.5,0.7695833333333334,3,0.7695833333333334,0.8441666666666667,0.6387499999999999
3772,3 AVENUE,                                ,0,U, ,B, ,T,DOT, ,7080,05210,268020,      ,01,  ,  ,  ,  ,  ,  ,  ,  ,1,70194,1,X,10455,10455,2.0,2.0,201,201,104,304,  65,  ,  71,  ,4003, ,2011, ,  65,  ,  71,  ,4004, ,2015, ,  65,  ,  71,  ,1006, ,3002, ,  65,  ,  71,  ,84,018,84,019, ,07,07,,1B,1B, ,6A ,6A , , ,1007046,236603,1007290,236782,0,0, ,0,0043069,0043073,M,M, , , 1,35996.0,31195.0,       ,       ,1422606334,1422605504,0070194,2,48.0,50.0, , 3,FT,,25,C, 2, 2, 4,,  , ,   2849,   2873,   2850,   2876,2849,2873,2850,2876,2708001000000, , ,2,302.67331700818903,III,III,Shared,,1,32.0,24.0,1.0,6.0,1.0,3.0,0.0,13.0,0.0,13.0,12.0,7.0,9.0,1.0,,,,,,2,8,1,302.6733170008197,0.057324491856215846,558.2256198670543,157.00095558760904,380.0526225696338,121.69642606045448,1.0,1.0,0.25,0.26666666666666666,0.7766666666666666,6,0.7766666666666666,0.8883333333333334,0.665,3,1,0,1,1,0.5,0.7641666666666667,4,0.7641666666666667,0.8383333333333334,0.6275
118721,EAST 119 STREET,                                ,0,U, ,B, ,A,DOT, ,2210,00069,119330,      ,01,  ,  ,  ,  ,  ,  ,  ,  ,1,313783,1,X,10035,10035,1.0,1.0,111,111,203,101, 194,  , 188,  ,2000, ,1000, , 194,  , 188,  ,2000, ,1000, , 194,  , 188,  ,2000, ,1000, , 194,  , 188,  ,68,021,68,032, ,04,04,,2B,2B, ,6B ,6B , , ,1002327,230103,1002526,229992,0,0, ,0,9052517,0042122,M,M, , , 1,181490.0,167498.0,       ,       ,1322606765,1322604940,0069167,2,30.0,30.0, , 2,TF,,25,S, 1, 2, 3,,  , ,    335,    399,    344,    398,335,399,344,398,1221001000000, , , ,228.4146431744217,II,II,,Conventional,1,17.0,8.0,0.0,2.0,0.0,3.0,0.0,2.0,0.0,6.0,6.0,5.0,5.0,0.0,,,,,,4,0,1,228.4146431744217,0.04326034908606472,392.96955200660045,115.5792800019413,380.0526225696338,115.5792800019413,1.0,0.949734382047716,0.5,0.0,0.7874335955119289,5,0.7874335955119289,0.8824070337167007,0.6899468764095432,3,1,0,1,1,0.5,0.7624335955119289,5,0.7624335955119289,0.8349203146143149,0.6424601573071573
106494,EAST 59 STREET,HONEY LOCUST PARK               ,0,U, ,B, ,T,DOT,N,1730,00070,118170,112775,01,  ,  ,  ,  ,  ,  ,  ,  ,1,165612,2,X,10022,10022,1.0,1.0,108,106,104,108, 110,  , 108,02,6003, ,1000, , 110,  , 108,  ,6004, ,1000, , 110,  , 108,  ,1012, ,1000, , 110,  , 108,  ,73,035,73,072, ,02,02,,1B,3B, ,8C ,8D , , ,994478,216198,994787,216029,0,0, ,0,0078759,0022826,M,M, , , 1,72726.0,63198.0,       ,       ,1222601129,1222600781,0165612,2,40.0,44.0, , 3,TW,,25,C, 2, 2, 4,,  , ,,,,,0,0,0,0,11277501000000N, , ,2,352.07198456264695,III,III,Shared,Shared,1,25.0,21.0,0.0,5.0,0.0,9.0,0.0,5.0,0.0,13.0,5.0,7.0,14.0,0.0,3.0,1470.0,2061.0,1310.0,4961.0,0,0,1,352.07198456264695,0.06668030010656192,374.92332758022155,209.95706344492407,374.92332758022155,121.69642606045448,0.9865037242613095,1.0,0.0,0.0,0.6952763034914583,48,0.6952763034914583,0.8439266759175893,0.5466259310653274,2,1,1,1,2,1.0,0.7459511172783928,6,0.7459511172783928,0.8446014897045239,0.5973007448522619
54193,BLAKE AVENUE,                                ,0,U, ,B, ,T,DOT, ,1340,00140,319830,      ,01,  ,  ,  ,  ,  ,  ,  ,  ,1,43986,1, ,11212,11212,3.0,3.0,316,316,102,104, 924,  , 924,  ,2000, ,2005, , 924,  , 924,  ,2000, ,2005, , 914,  , 914,  ,1000, ,1001, , 914,  , 914,  ,55,047,55,043, ,23,23,,2A,2A, ,17D,17D, , ,1009045,181745,1009302,181795,0,0, ,0,0027244,0027246,M,M, , , 1,73064.0,63504.0,       ,       ,2022603452,2022604365,0043986,2,34.0,34.0, , 3,TW,,25,C, 2, 2, 4,,  , ,    241,    263,    242,    264,241,263,242,264,3134001000000, , , ,261.70409257382295,III,III,Shared,Shared,1,21.0,20.0,0.0,4.0,0.0,2.0,0.0,13.0,0.0,5.0,6.0,10.0,6.0,0.0,,,,,,5,0,1,261.70409257382295,0.04956516904807253,423.6846237653786,121.05274964725103,380.0526225696338,121.05274964725103,1.0,0.9947108026583813,0.625,0.0,0.8236777006645953,1,0.8236777006645953,0.9106487809304336,0.7364421605316762,3,0,0,0,0,0.0,0.7424277006645953,7,0.7424277006645953,0.8109132407975144,0.6054566203987571
26814,EAST 138 STREET,                                ,0,U, ,B, ,T,DOT, ,2350,00180,225800,      ,01,  ,  ,  ,  ,  ,  ,  ,  ,1,265870,1,X,10454,10454,2.0,2.0,201,201,303,107,  39,  ,  23,  ,2001, ,2000, ,  39,  ,  23,  ,2001, ,2000, ,  39,  ,  23,  ,3001, ,1000, ,  39,  ,  23,  ,84,042,84,042, ,07,07,,1A,1A, ,6A ,6A , , ,1005242,234261,1005597,234066,0,0, ,0,9036928,0042922,M,M, , , 1,151216.0,137644.0,       ,       ,1422607472,1322600735,0069779,2,50.0,50.0, , 2,TW,,25,C, 2, 2, 4,,  , ,    355,    397,    356,    398,355,397,356,398,2235001000000, , ,2,405.1300722515166,II,II,Conventional,Conventional,2,32.0,19.0,0.0,5.0,0.0,4.0,0.0,8.0,0.0,15.0,11.0,6.0,9.0,0.0,,,,,,2,4,1,405.1300722515166,0.07672918035066602,417.05124248368486,117.29566194853636,380.0526225696338,117.29566194853636,1.0,0.963838181166208,0.25,0.13333333333333333,0.7542928786248853,9,0.7542928786248853,0.8690100300748396,0.6377676362332416,3,1,0,1,1,0.5,0.7417928786248853,8,0.7417928786248853,0.8208181210165293,0.6020757271749312
99030,EAST 20 STREET,LEARNING SPRING SCHOOL          ,0,U, ,B, ,W,DOT,N,1440,00070,117390,101719,01,05,  ,  ,  ,  ,  ,  ,  ,1,127583,2, ,10003,10003,1.0,1.0,106,106,302,301,  64,  ,  64,  ,2002, ,3000, ,  64,  ,  64,  ,2001, ,3000, ,  64,  ,  64,  ,3000, ,5000, ,  64,97,  64,98,74,051,74,055, ,02,02,,1A,1A, ,12C,12C, , ,988715,207677,989164,207429,0,0, ,0,0075974,0020995,M,M, , , 1,67893.0,59050.0,       ,       ,1222602392,1222605830,0127583,2,32.0,32.0, , 3,FT,,25,C, 1, 2, 3,,  , ,,,,,0,0,0,0,10171901000000N, , , ,512.8776724595933,III,III,Shared,,1,34.0,15.0,0.0,2.0,0.0,10.0,0.0,1.0,0.0,15.0,6.0,13.0,12.0,0.0,,,,,,3,0,1,512.8776724595933,0.09713592281431692,350.0249857613822,123.53823026872313,350.0249857613822,121.69642606045448,0.9209908443593232,1.0,0.375,0.0,0.747346795525763,13,0.747346795525763,0.8519458799616955,0.6427477110898309,3,1,0,1,1,0.5,0.732547253307797,9,0.732547253307797,0.8058963377437294,0.6029481688718646
110962,EAST 106 STREET,FRANKLIN PLAZA BUILDING 3       ,0,U, ,B, ,T,DOT,X,2100,00055,119090,120882,01,03,  ,  ,  ,  ,  ,  ,  ,1,218423,2, ,10029,10029,1.0,1.0,111,111,106,302, 170,  , 170,  ,1001, ,2000, , 170,  , 170,  ,1002, ,2000, , 170,  , 170,  ,1001, ,3000, , 170,  , 170,  ,68,044,68,045, ,04,04,,1B,1B, ,6B ,6B , , ,999842,227521,1000190,227329,0,0, ,0,9027388,0042003,M,M, , , 1,116711.0,104466.0,       ,       ,1322602547,1322605112,0038080,2,60.0,60.0, , 2,TW,,25,C, 4, 2, 6,,  , ,,,,,0,0,0,0,12088205000000X, , , ,397.95835261826045,II,II,Conventional,Conventional,1,32.0,16.0,0.0,4.0,0.0,4.0,0.0,8.0,0.0,13.0,10.0,9.0,8.0,0.0,,,,,,3,0,1,397.95835261826045,0.07537090011709478,424.5670404663526,106.14176011658815,380.0526225696338,106.14176011658815,1.0,0.872184693935553,0.375,0.0,0.7430461734838881,14,0.7430461734838881,0.8427646428774436,0.6369369387871106,3,1,0,1,1,0.5,0.7242961734838883,10,0.7242961734838883,0.799155408180666,0.599577704090333
2713,EAST 172 STREET,                                ,0,U, ,B, ,W,DOT, ,2530,01030,226820,      ,01,  ,  ,  ,  ,  ,  ,  ,  ,1,78337,1, ,10457,10457,2.0,2.0,203,203,301,201, 167,  , 167,  ,2007, ,1001, , 167,  , 167,  ,2003, ,1001, , 167,  , 167,  ,3000, ,2000, , 167,  , 167,  ,79,012,79,012, ,09,09,,1B,1B, ,3D ,3D , , ,1011667,245304,1011891,245210,0,0, ,0,0047855,0047857,M,M, , , 1,84641.0,73650.0,       ,       ,1522609027,1522605200,0078337,2,34.0,34.0, , 2,FT,,25,S, 1, 2, 3,,  , ,    501,    529,    500,    528,501,529,500,528,2253001000000, , , ,242.65551353441174,II,II,Conventional,,1,17.0,17.0,0.0,3.0,0.0,3.0,0.0,11.0,0.0,7.0,6.0,4.0,6.0,0.0,,,,,,4,0,1,242.65551353441174,0.045957483623941614,369.9071110835108,130.55545097065087,369.9071110835108,121.69642606045448,0.973304982300802,1.0,0.5,0.0,0.7906567438052806,3,0.7906567438052806,0.887987242035361,0.6933262455752005,3,0,0,0,0,0.0,0.7169914946902406,11,0.7169914946902406,0.7893219929203209,0.5696609964601604
57009,FULTON STREET,GATEWAY TRIANGLE                ,0,U, ,B, ,T,DOT,N,3768,00320,342730,313935,02,05,  ,  ,  ,  ,  ,  ,  ,1,29181,2, ,11238,11238,3.0,3.0,302,302,202,305, 199,  , 199,  ,2003, ,3003, , 199,  , 199,  ,2003, ,3003, , 199,  , 199,  ,2002, ,3004, , 199,  , 199,  ,57,027,57,027, ,13,13,,3B,3B, ,16C,16C, , ,992869,188515,993136,188378,0,0, ,0,0018708,0018747,M,M, , , 1,39072.0,33733.0,       ,       ,1922613949,1922606261,0029181,2,42.0,42.0, , 3,FT,,25,C, 2, 2, 4,,  , ,,,,,0,0,0,0,31393501000000N, , , ,299.5466277759407,III,III,Shared,,1,36.0,26.0,0.0,8.0,0.0,8.0,0.0,7.0,0.0,12.0,14.0,10.0,16.0,0.0,,,,,,0,4,1,299.5466277759407,0.05673231586665543,634.5589713738285,282.0262094994793,380.0526225696338,121.69642606045448,1.0,1.0,0.0,0.13333333333333333,0.7133333333333333,25,0.7133333333333333,0.8566666666666668,0.5700000000000001,3,1,0,1,1,0.5,0.7133333333333334,12,0.7133333333333334,0.8066666666666668,0.5449999999999999
99079,WEST 44 STREET,                                ,0,U, ,B, ,A,DOT, ,5000,02040,134650,      ,01,02,  ,  ,  ,  ,  ,  ,  ,1,34067,1, ,10036,10036,1.0,1.0,105,105,202,206, 119,  , 119,  ,2003, ,2002, , 119,  , 119,  ,2003, ,2004, , 119,  , 119,  ,2003, ,2002, , 119,  , 119,  ,75,036,75,036, ,02,02,,2A,2A, ,8D ,8D , , ,988125,215196,987806,215372,0,0, ,0,0021463,0021413,M,M, , , 1,72764.0,63229.0,       ,       ,1222606824,1222604983,0034067,2,30.0,30.0, , 3,TF,,25,C, 1, 2, 3,,  , ,    200,    232,    201,    219,200,232,201,219,1500001020000, , , ,363.7748188580807,III,III,,Shared,1,27.0,22.0,0.0,11.0,0.0,6.0,0.0,4.0,0.0,11.0,12.0,4.0,17.0,0.0,,,,,,0,4,1,363.7748188580807,0.06889674599584862,391.89078685409737,246.74605098220948,380.0526225696338,121.69642606045448,1.0,1.0,0.0,0.13333333333333333,0.7133333333333333,26,0.7133333333333333,0.8566666666666668,0.5700000000000001,3,1,0,1,1,0.5,0.7133333333333334,13,0.7133333333333334,0.8066666666666668,0.5449999999999999
58161,KNICKERBOCKER AVENUE,                                ,0,U, ,B, ,A,DOT, ,4800,00230,354100,      ,01,  ,  ,  ,  ,  ,  ,  ,  ,1,45121,2, ,11237,11237,3.0,3.0,304,304,402,401, 433,  , 433,  ,2003, ,1000, , 433,  , 433,  ,2003, ,1000, , 433,  , 433,  ,4002, ,4003, , 433,  , 433,  ,53,010,53,007, ,32,32,,2B,2B, ,13B,13B, , ,1007023,193783,1007232,193627,0,0, ,0,0027881,0027883,M,M, , , 1,70475.0,61155.0,       ,       ,1922613458,1922612826,0045121,2,34.0,34.0, , 2,TF,,25,C, 1, 2, 3,,  , ,    471,    493,    480,    494,471,493,480,494,3480001000000, , , ,260.40239203992803,II,II,,Conventional,2,18.0,10.0,0.0,3.0,0.0,5.0,0.0,2.0,0.0,8.0,7.0,3.0,8.0,0.0,,,,,,3,2,1,260.40239203992803,0.049318634856046976,364.9736058700541,162.2104914978018,364.9736058700541,121.69642606045448,0.960323871474359,1.0,0.375,0.06666666666666667,0.7677800216826922,7,0.7677800216826922,0.8729790754967949,0.6625809678685898,3,0,0,0,0,0.0,0.7010138281089744,14,0.7010138281089744,0.7749628819230769,0.5458147742948718
6429,EAST 138 STREET,                                ,0,U, ,B, ,T,DOT, ,2350,00200,225800,      ,01,04,  ,  ,  ,  ,  ,  ,  ,1,70027,1,X,10454,10454,2.0,2.0,201,201,201,102,  39,  ,  25,  ,5001, ,1001, ,  39,  ,  25,  ,5001, ,1001, ,  39,  ,  25,  ,2002, ,1001, ,  39,  ,  25,  ,84,041,84,038, ,07,07,,1A,1A, ,6A ,6A , , ,1006384,233629,1006614,233501,0,0, ,0,0042979,0042981,M,M, , , 1,57265.0,49778.0,       ,       ,1422602158,1422608059,0070027,2,50.0,50.0, , 2,TW,,25,C, 2, 2, 4,,  , ,    487,    507,    488,    508,487,507,488,508,2235001040000, , ,2,263.58581948105086,II,II,Conventional,Conventional,2,22.0,14.0,0.0,3.0,0.0,6.0,0.0,4.0,0.0,5.0,5.0,12.0,9.0,0.0,,,,,,2,4,1,263.58581948105086,0.049921556719895996,440.69138555593173,180.28283954560843,380.0526225696338,121.69642606045448,1.0,1.0,0.25,0.13333333333333333,0.7633333333333333,8,0.7633333333333333,0.8816666666666668,0.645,3,0,0,0,0,0.0,0.7008333333333333,15,0.7008333333333333,0.7816666666666667,0.5325
96009,EAST 120 STREET,                                ,0,U, ,B, ,W,DOT, ,2220,00050,119350,      ,01,  ,  ,  ,  ,  ,  ,  ,  ,1,69173,1, ,10035,10035,1.0,1.0,111,111,202,204, 196,  , 196,  ,2005, ,2004, , 196,  , 196,  ,2001, ,2005, , 196,  , 196,  ,2002, ,2003, , 196,  , 196,  ,68,019,68,019, ,04,04,,2A,2A, ,6B ,6B , , ,1001112,231076,1001375,230930,0,0, ,0,0042483,0042478,M,M, , , 1,82679.0,71767.0,       ,       ,1322601633,1322603456,0069173,2,32.0,34.0, , 2,FT,,25,C, 1, 2, 3,,  , ,    161,    199,    174,    198,161,199,174,198,1222001000000, , , ,300.7899487185501,II,II,Conventional,,1,19.0,12.0,0.0,4.0,0.0,4.0,0.0,4.0,0.0,9.0,5.0,5.0,8.0,0.0,,,,,,2,0,1,300.7899487185501,0.05696779331790721,333.52178298307996,140.43022441392839,333.52178298307996,121.69642606045448,0.8775673766649817,1.0,0.25,0.0,0.7071485818327435,28,0.7071485818327435,0.8199053194992418,0.5943918441662455,2,1,0,1,1,0.5,0.7007702129994945,16,0.7007702129994945,0.7760269506659928,0.5630134753329963
118600,EAST 30 STREET,                                ,0,U, ,B, ,W,DOT, ,1500,00057,117590,      ,01,02,  ,  ,  ,  ,  ,  ,  ,1,313183,1, ,10016,10016,1.0,1.0,106,106,301,202,  70,02,  70,02,3001, ,2000, ,  70,  ,  70,  ,2001, ,3001, ,  70,  ,  70,  ,3001, ,2001, ,  70,  ,  70,  ,74,009,74,009, ,02,02,,2A,2A, ,8D ,8D , , ,990272,209792,990434,209701,0,0, ,0,9052345,0021829,M,M, , , 1,183083.0,168829.0,       ,       ,1222600596,1222606383,0034140,2,30.0,30.0, , 3,FT,,25,C, 1, 2, 3,,  , ,    229,    299,    244,    298,229,299,244,298,1150001020000, , , ,186.00416440873568,III,III,Shared,,1,14.0,12.0,0.0,7.0,0.0,2.0,0.0,3.0,0.0,5.0,6.0,3.0,9.0,0.0,,,,,,0,0,1,186.00416440873568,0.035228061441048425,397.4104570990366,255.4781509922378,380.0526225696338,121.69642606045448,1.0,1.0,0.0,0.0,0.7,33,0.7,0.8500000000000001,0.55,3,1,0,1,1,0.5,0.7000000000000001,17,0.7000000000000001,0.8,0.5249999999999999
5606,EAST TREMONT AVENUE,                                ,0,U, ,B, ,T,DOT, ,7212,00950,229620,      ,01,15,  ,  ,  ,  ,  ,  ,  ,1,78991,1,X,10460,10460,2.0,2.0,206,206,301,101, 365,01, 365,02,3002, ,1000, , 365,01, 365,02,3002, ,1000, , 365,01, 365,02,3000, ,1000, , 365,01, 365,02,79,006,79,006, ,12,12,,2A,2A, ,3D ,3D , , ,1015559,246534,1015886,246320,0,0, ,0,0048221,0048224,M,M, , , 1,36211.0,31378.0,       ,       ,1522608174,1522610054,0078991,2,50.0,52.0, , 2,TW,,25,C, 2, 2, 4,,  , ,    851,    879,    850,    880,851,879,850,880,2721201150000, , ,2,391.0976104932493,II,II,Conventional,Conventional,1,43.0,41.0,0.0,11.0,0.0,4.0,0.0,21.0,0.0,15.0,17.0,11.0,15.0,0.0,,,,,,0,0,1,391.0976104932493,0.07407151713887297,580.5200387536474,202.50699026290027,380.0526225696338,121.69642606045448,1.0,1.0,0.0,0.0,0.7,37,0.7,0.8500000000000001,0.55,3,1,0,1,1,0.5,0.7000000000000001,18,0.7000000000000001,0.8,0.5249999999999999
64621,5 AVENUE,                                ,0,U, ,B, ,T,DOT, ,8816,06290,305580,      ,01,  ,  ,  ,  ,  ,  ,  ,  ,1,22747,1, ,11215,11215,3.0,3.0,306,306,101,403, 139,  , 139,  ,4001, ,4000, , 139,  , 139,  ,4001, ,4000, , 139,  , 139,  ,1000, ,4000, , 139,  , 139,  ,44,019,44,020, ,15,15,,5C,5C, ,16D,16D, , ,988049,183074,987912,182858,0,0, ,0,0014995,0014911,M,M, , , 1,53372.0,46113.0,       ,       ,1922605059,1922607172,0022747,2,50.0,50.0, , 3,TW,,25,C, 2, 2, 4,,  , ,    445,    459,    446,    460,445,459,446,460,3881601000000, , , ,256.4671422070947,"II,III","II,III","Conventional,Shared","Conventional,Shared",2,25.0,13.0,0.0,1.0,0.0,8.0,0.0,3.0,0.0,12.0,3.0,10.0,9.0,0.0,,,,,,0,0,1,256.4671422070947,0.04857332238770733,514.6858145805332,185.286893248992,380.0526225696338,121.69642606045448,1.0,1.0,0.0,0.0,0.7,40,0.7,0.8500000000000001,0.55,3,1,0,1,1,0.5,0.7000000000000001,19,0.7000000000000001,0.8,0.5249999999999999
31292,EAST 222 STREET,                                ,0,U, ,B, ,T,DOT, ,2760,00022,228290,      ,01,  ,  ,  ,  ,  ,  ,  ,  ,1,326763,1, ,10467,10467,2.0,2.0,212,212,104,201, 394,  , 394,  ,2002, ,4000, , 394,  , 394,  ,2002, ,4000, , 394,  , 394,  ,1003, ,2000, , 394,  , 394,  ,83,026,83,026, ,11,11,,3C,3C, ,2B ,2B , , ,1022180,262127,1022508,261990,0,0, ,0,9056820,0054184,M,M, , , 1,190334.0,175750.0,       ,       ,1522602584,1522610938,0088911,2,60.0,60.0, , 6,TW,,25,C, 3, 2, 5,,  , ,    665,    699,    670,    698,665,699,670,698,2276001000000, , , ,355.5776610836005,II,"II,III",Conventional,Shared,1,25.0,29.0,0.0,11.0,0.0,2.0,0.0,14.0,0.0,8.0,13.0,4.0,13.0,0.0,,,,,,0,0,1,355.5776610836005,0.06734425399310616,371.2269201550466,193.03799848062425,371.2269201550466,121.69642606045448,0.9767776831668353,1.0,0.0,0.0,0.6918721891083923,50,0.6918721891083923,0.839549957425076,0.5441944207917089,2,1,0,1,1,0.5,0.6930333049500507,20,0.6930333049500507,0.7907110732667342,0.520355536633367
54738,NEW LOTS AVENUE,                                ,0,U, ,B, ,T,DOT, ,5576,00190,364530,      ,01,  ,  ,  ,  ,  ,  ,  ,  ,1,47515,1, ,11207,11207,3.0,3.0,305,305,301,304,1128,  ,1128,  ,3000, ,3003, ,1128,  ,1128,  ,3000, ,3003, ,1128,  ,1128,  ,3000, ,3003, ,1128,  ,1128,  ,60,029,60,029, ,19,19,,4C,4C, ,17D,17D, , ,1013691,180293,1013908,180419,0,0, ,0,0029338,0029340,M,M, , , 1,74143.0,64427.0,       ,       ,2022605374,2022602082,0047515,2,36.0,36.0, , 3,TW,,25,C, 2, 2, 4,,  , ,    357,    379,    358,    378,357,379,358,378,3557601000000, , , ,250.52450910861177,III,III,Shared,Shared,1,36.0,21.0,0.0,11.0,0.0,0.0,0.0,9.0,0.0,19.0,8.0,9.0,11.0,0.0,,,,,,2,0,1,250.52450910861177,0.04744782369481283,758.7281606750628,231.83360465071362,380.0526225696338,121.69642606045448,1.0,1.0,0.25,0.0,0.75,10,0.75,0.8750000000000001,0.625,3,0,0,0,0,0.0,0.6875,21,0.6875,0.775,0.5125
19000,EAST 167 STREET,                                ,0,U, ,B, ,T,DOT, ,2505,00090,226670,      ,01,  ,  ,  ,  ,  ,  ,  ,  ,1,71967,1,X,10456,10456,2.0,2.0,204,204,201,101, 179,01, 181,01,1000, ,2000, , 179,01, 181,01,1000, ,2000, , 179,  , 181,  ,2000, ,1000, , 179,  , 181,  ,77,041,77,052, ,09,09,,2B,2B, ,3B ,3B , , ,1007780,242987,1008027,242878,0,0, ,0,0044070,0044157,M,M, , , 1,61064.0,53361.0,       ,       ,1422602057,1422602806,0071967,2,52.0,52.0, , 2,TW,,25,C, 3, 2, 5,,  , ,    247,    271,    250,    268,247,271,250,268,2250501000000, , , ,270.0715341798203,II,II,Conventional,Conventional,1,21.0,12.0,0.0,9.0,0.0,1.0,0.0,2.0,0.0,11.0,8.0,2.0,10.0,0.0,,,,,,2,0,1,270.0715341798203,0.051149911776481115,410.5578928809778,195.50375851475135,380.0526225696338,121.69642606045448,1.0,1.0,0.25,0.0,0.75,11,0.75,0.8750000000000001,0.625,3,0,0,0,0,0.0,0.6875,22,0.6875,0.775,0.5125
46431,PITKIN AVENUE,                                ,0,U, ,B, ,T,DOT, ,6356,00110,370930,      ,01,02,  ,  ,  ,  ,  ,  ,  ,1,43865,1, ,11212,11212,3.0,3.0,316,316,101,202, 924,  , 924,  ,1000, ,1005, , 924,  , 924,  ,1000, ,1005, , 904,  , 904,  ,1000, ,2001, , 904,  , 904,  ,55,050,55,047, ,23,23,,2A,2A, ,17D,17D, , ,1008755,183223,1009011,183273,0,0, ,0,0027181,0027260,M,M, , , 1,70642.0,61309.0,       ,       ,2022602746,2022606074,0043865,2,44.0,44.0, , 3,TW,,25,C, 2, 2, 4,,  , ,   1669,   1691,   1670,   1692,1669,1691,1670,1692,3635601020000, , , ,260.0988877413609,III,III,Shared,Shared,1,26.0,15.0,0.0,6.0,0.0,3.0,0.0,6.0,0.0,13.0,7.0,6.0,9.0,0.0,,,,,,2,0,1,260.0988877413609,0.04926115298131835,527.7992581671842,182.69974321171762,380.0526225696338,121.69642606045448,1.0,1.0,0.25,0.0,0.75,12,0.75,0.8750000000000001,0.625,3,0,0,0,0,0.0,0.6875,23,0.6875,0.775,0.5125
19584,SOUTHERN BOULEVARD,                                ,0,U, ,B, ,T,DOT, ,6864,00250,265320,      ,01,08,  ,  ,  ,  ,  ,  ,  ,1,113459,1, ,10459,10459,2.0,2.0,202,202,101,103,  89,  ,  89,  ,1000, ,1001, ,  89,  ,  89,  ,1001, ,1000, ,  89,  ,  89,  ,1001, ,1000, ,  89,  ,  89,  ,85,036,85,036, ,08,08,,1B,1B, ,6C ,6C , , ,1014185,238248,1014248,238413,0,0, ,0,0066840,0047443,M,M, , , 1,39997.0,34571.0,       ,       ,1422604549,1422601190,0113459,2,60.0,62.0, , 3,TW,,25,C, 4, 2, 6,,  , ,    931,    939,,,931,939,0,0,2686401080000, , , ,176.0202073604177,III,III,Wide Parking Lane,Wide Parking Lane,1,30.0,18.0,0.0,6.0,0.0,2.0,0.0,10.0,0.0,19.0,8.0,3.0,8.0,0.0,,,,,,1,4,1,176.0202073604177,0.03333716048492759,899.8966787697354,239.97244767192944,380.0526225696338,121.69642606045448,1.0,1.0,0.125,0.13333333333333333,0.7383333333333333,15,0.7383333333333333,0.8691666666666668,0.6074999999999999,3,0,0,0,0,0.0,0.6820833333333334,24,0.6820833333333334,0.7691666666666667,0.50125
1118,COURTLANDT AVENUE,                                ,0,U, ,B, ,A,DOT, ,1668,00020,221520,      ,01,  ,  ,  ,  ,  ,  ,  ,  ,1,70054,1, ,10451,10451,2.0,2.0,201,201,205,201,  65,  ,  65,  ,1001, ,1000, ,  65,  ,  65,  ,1001, ,1000, ,  65,  ,  65,  ,2001, ,2000, ,  65,  ,  65,  ,84,053,84,018, ,07,07,,1A,1A, ,6A ,6A , , ,1006433,236529,1006520,236780,0,0, ,0,0042994,0042996,M,M, , , 1,62196.0,54404.0,       ,       ,1422604826,1422602544,0070054,2,34.0,35.0, , 2,TF,,25,C, 1, 2, 3,,  , ,    521,    543,    520,    544,521,543,520,544,2166801000000, , , ,266.0304002715791,II,II,,Conventional,1,34.0,25.0,0.0,7.0,0.0,0.0,0.0,18.0,0.0,16.0,10.0,8.0,7.0,0.0,,,,,,1,4,1,266.0304002715791,0.050384545505980885,674.8100962022976,138.93149039459067,380.0526225696338,121.69642606045448,1.0,1.0,0.125,0.13333333333333333,0.7383333333333333,16,0.7383333333333333,0.8691666666666668,0.6074999999999999,3,0,0,0,0,0.0,0.6820833333333334,25,0.6820833333333334,0.7691666666666667,0.50125
29769,EAST 149 STREET,                                ,0,U, ,B, ,T,DCP, ,2415,00130,226130,      ,01,  ,  ,  ,  ,  ,  ,  ,  ,1,311556,1, ,10455,10455,2.0,2.0,201,201,106,201,  65,  ,  65,  ,4004, ,1000, ,  65,  ,  65,  ,4002, ,1000, ,  65,  ,  65,  ,1005, ,2000, ,  65,  ,  65,  ,84,018,84,018, ,07,07,,1B,1B, ,6A ,6A , , ,1006520,236780,1007005,236615,0,0, ,0,0042996,9051724,M,M, , , 1,182033.0,168008.0,       ,       ,1422607913,1422607167,0111323,2,60.0,74.0, , 3,TF,,25,C, 4, 2, 6,,  , ,    353,    399,    354,    398,353,399,354,398,2241501000000, , ,2,513.0676900212588,III,III,,Shared,1,40.0,25.0,0.0,9.0,0.0,2.0,0.0,14.0,0.0,25.0,4.0,11.0,11.0,0.0,,,,,,1,8,1,513.0676900212588,0.09717191098887477,411.64159058865897,113.20143741188122,380.0526225696338,113.20143741188122,1.0,0.9301952495765713,0.125,0.26666666666666666,0.7342154790608094,18,0.7342154790608094,0.8514016706851332,0.6135390499153143,3,0,0,0,0,0.0,0.6779654790608095,26,0.6779654790608095,0.7548919082063047,0.5107792874364857
64976,LAFAYETTE AVENUE,                                ,0,U, ,B, ,W,DOT, ,4836,00020,354130,      ,01,  ,  ,  ,  ,  ,  ,  ,  ,1,28975,1,X,11217,11217,3.0,3.0,302,302,208,204,  33,  ,  35,  ,2008, ,1002, ,  33,  ,  35,  ,2008, ,1004, ,  33,  ,  35,  ,2007, ,2002, ,  33,  ,  35,  ,57,073,57,018, ,15,15,,4C,4C, ,16C,16C, , ,990056,189467,990296,189504,0,0, ,0,0018581,0018582,M,M, , , 1,47208.0,40635.0,       ,       ,1922607010,1922601660,0028975,2,48.0,50.0, , 2,FT,,25,C, 1, 2, 3,,  , ,      1,     21,      2,     20,1,21,2,20,3483601000000, , ,2,243.49610140224263,II,II,Conventional,,1,15.0,5.0,0.0,0.0,0.0,4.0,0.0,1.0,0.0,3.0,5.0,7.0,4.0,0.0,,,,,,2,1,1,243.49610140224263,0.046116685871636864,325.26188117141885,86.7365016457117,325.26188117141885,86.7365016457117,0.8558338026251191,0.7127284214790668,0.25,0.03333333333333333,0.6310572696218917,71,0.6310572696218917,0.7112468253656438,0.5365041349520931,0,1,1,1,2,1.0,0.6757655794906358,27,0.6757655794906358,0.7328187141604344,0.5955760237468839
84690,MYRTLE AVENUE,                                ,0,U, ,B, ,T,DOT, ,5504,00080,363030,      ,01,  ,  ,  ,  ,  ,  ,  ,  ,1,340440,1,X,11201,11201,3.0,3.0,302,302,213,302,  29,01,  31,01,1007, ,1000, ,  29,01,  31,  ,1009, ,1000, ,  29,01,  31,  ,1007,A,3000, ,  29,01,  31,  ,57,004,57,016, ,13,13,,4C,4C, ,12D,12D, , ,990027,191934,990242,191923,0,0, ,0,0019098,9061001,M,M, , , 1,195064.0,180058.0,       ,       ,1922601897,1922602263,0029914,2,40.0,42.0, , 2,FT,,25,C, 2, 2, 4,,  , ,    253,    261,    240,    260,253,261,240,260,3550401000000, , ,2,215.04669960814886,II,II,Conventional,,1,14.0,8.0,0.0,1.0,0.0,5.0,0.0,0.0,0.0,7.0,4.0,3.0,6.0,0.0,,,,,,0,0,1,215.04669960814886,0.040728541592452434,343.7392907433345,147.3168388900005,343.7392907433345,121.69642606045448,0.9044518320100635,1.0,0.0,0.0,0.6665581412035222,55,0.6665581412035222,0.8070033244045286,0.5261129580025159,0,1,1,0,1,0.5,0.671335549603019,28,0.671335549603019,0.7617807328040256,0.5058903664020127
216,EAST TREMONT AVENUE,                                ,0,U, ,B, ,T,DOT, ,7212,00820,229620,      ,01,15,  ,  ,  ,  ,  ,  ,  ,1,78546,1, ,10457,10457,2.0,2.0,206,206,113,112, 395,  , 395,  ,3006, ,4001, , 395,  , 395,  ,3006, ,4001, , 377,  , 375,01,4002, ,1003, , 377,  , 375,01,86,038,86,038, ,09,09,,2A,2A, ,3D ,3D , , ,1012735,247816,1012975,247755,0,0, ,0,0047972,0047975,M,M, , , 1,36198.0,31365.0,       ,       ,1522607120,1522608813,0078546,2,50.0,52.0, , 3,TW,,25,C, 2, 2, 4,,  , ,    501,    529,    500,    528,501,529,500,528,2721201150000, , ,2,247.36809375090317,III,III,Shared,Shared,1,54.0,50.0,0.0,10.0,0.0,7.0,0.0,30.0,0.0,22.0,20.0,12.0,17.0,0.0,,,,,,1,0,1,247.36809375090317,0.046850017755852874,1152.6142910213496,362.86005458079524,380.0526225696338,121.69642606045448,1.0,1.0,0.125,0.0,0.725,19,0.725,0.8625,0.5875,3,0,0,0,0,0.0,0.6687500000000001,29,0.6687500000000001,0.7625,0.48124999999999996
6573,EAST TREMONT AVENUE,                                ,0,U, ,B, ,T,DOT, ,7212,00900,229620,      ,01,15,  ,  ,  ,  ,  ,  ,  ,1,78813,1,X,10457,10457,2.0,2.0,206,206,301,201, 373,  , 369,01,3002, ,2001, , 373,  , 369,01,3002, ,2001, , 373,  , 369,01,3000, ,2000, , 373,  , 369,01,79,003,79,004, ,12,12,,2A,2A, ,3D ,3D , , ,1014191,247420,1014373,247302,0,0, ,0,0048121,0048123,M,M, , , 1,36206.0,31373.0,       ,       ,1522602096,1522605410,0078813,2,50.0,50.0, , 2,TW,,25,C, 2, 2, 4,,  , ,    681,    699,,,681,699,0,0,2721201150000, , ,2,217.72715458433746,II,II,Conventional,Conventional,1,25.0,20.0,0.0,8.0,0.0,2.0,0.0,9.0,0.0,9.0,9.0,7.0,10.0,0.0,,,,,,1,0,1,217.72715458433746,0.04123620351976088,606.263376986674,242.50535079466957,380.0526225696338,121.69642606045448,1.0,1.0,0.125,0.0,0.725,20,0.725,0.8625,0.5875,3,0,0,0,0,0.0,0.6687500000000001,30,0.6687500000000001,0.7625,0.48124999999999996
102578,EAST 21 STREET,                                ,0,U, ,B, ,A,DCP, ,1445,00050,117410,      ,01,  ,  ,  ,  ,  ,  ,  ,  ,1,33151,4,X,10010,10010,1.0,1.0,106,106,202,106,  68,  ,  50,  ,3000, ,5000, ,  68,  ,  50,  ,3000, ,1000, ,  68,  ,  50,  ,2000, ,1000, ,  68,  ,  50,  ,74,056,74,056, ,02,02,,1B,1B, ,8D ,12C, , ,988412,208123,988661,207985,0,0, ,0,0020930,0020923,M,M, , , 1,79999.0,69207.0,       ,       ,1222602035,1222606972,0033151,2,32.0,32.0, , 2,TF,,25,S, 1, 2, 3,,  , ,    135,    199,    138,    198,135,199,138,198,1144501000000, , , ,285.16855797579353,II,II,,Conventional,1,26.0,14.0,1.0,5.0,0.0,4.0,1.0,5.0,0.0,13.0,7.0,6.0,9.0,1.0,,,,,,1,0,1,285.16855797579353,0.05400919658632453,481.3994957033551,166.63828697423833,380.0526225696338,121.69642606045448,1.0,1.0,0.125,0.0,0.725,21,0.725,0.8625,0.5875,3,0,0,0,0,0.0,0.6687500000000001,31,0.6687500000000001,0.7625,0.48124999999999996
50762,LIBERTY AVENUE,                                ,0,U, ,B, ,T,DOT, ,4952,00120,355830,      ,01,  ,  ,  ,  ,  ,  ,  ,  ,1,47433,1,X,11207,11207,3.0,3.0,305,305,125,211,1198,  ,1144,  ,1009, ,2003, ,1198,  ,1144,  ,1009, ,2003, ,1140,  ,1154,  ,1009, ,2000, ,1140,  ,1154,  ,55,017,55,018, ,19,19,,1C,1C, ,17C,17C, , ,1012687,184943,1012957,184994,0,0, ,0,0029294,0029297,M,M, , , 1,74082.0,64366.0,       ,       ,2022605553,2022606013,0047433,2,36.0,38.0, , 3,TW,,25,C, 2, 2, 4,,  , ,    335,    361,    340,    362,335,361,340,362,3495201000000, , , ,275.1763212273332,III,III,Shared,Shared,1,34.0,20.0,0.0,6.0,0.0,0.0,0.0,14.0,0.0,14.0,6.0,14.0,6.0,0.0,,,,,,1,4,1,275.1763212273332,0.052116727505176735,652.3817136565758,115.12618476292515,380.0526225696338,115.12618476292515,1.0,0.946011222266581,0.125,0.13333333333333333,0.7248361388999786,22,0.7248361388999786,0.8502705944599701,0.5967022444533162,3,0,0,0,0,0.0,0.6685861388999785,32,0.6685861388999785,0.752970033346641,0.49315168333998716
45506,CHURCH AVENUE,                                ,0,U, ,B, ,T,DOT, ,2012,00060,326230,      ,01,  ,  ,  ,  ,  ,  ,  ,  ,1,21474,1,X,11218,11218,3.0,3.0,312,312,201,101, 496,  , 486,  ,2000, ,3000, , 496,  , 486,  ,2000, ,3000, , 496,  , 486,  ,2000, ,1002, , 496,  , 486,  ,44,047,44,047, ,15,15,,5C,5C, ,22C,22C, , ,989684,173315,989955,173465,0,0, ,0,0014269,0014271,M,M, , , 1,38454.0,33287.0,       ,       ,1922606727,1922603715,0021474,2,50.0,52.0, , 3,TW,,25,C, 2, 2, 4,,  , ,     79,     99,     78,     98,79,99,78,98,3201201000000, , ,2,310.0441659108375,III,III,"Signed Route,Wide Parking Lane","Signed Route,Wide Parking Lane",2,29.0,18.0,0.0,8.0,0.0,0.0,0.0,9.0,0.0,12.0,8.0,9.0,8.0,0.0,,,,,,0,5,1,310.0441659108375,0.058720485967961644,493.86512257106705,136.23865450236332,380.0526225696338,121.69642606045448,1.0,1.0,0.0,0.16666666666666666,0.7166666666666667,23,0.7166666666666667,0.8583333333333334,0.5750000000000001,3,0,0,0,0,0.0,0.6666666666666667,33,0.6666666666666667,0.7583333333333333,0.475
40587,METROPOLITAN AVENUE,                                ,0,U, ,B, ,T,DOT, ,5352,00190,360530,      ,01,  ,  ,  ,  ,  ,  ,  ,  ,1,31134,1,X,11211,11211,3.0,3.0,301,301,302,311, 501,  , 513,  ,3019, ,3000, , 501,  , 513,  ,3016, ,3000, , 501,  , 513,  ,3013, ,3000, , 501,  , 513,  ,50,058,50,058, ,14,14,,3A,3A, ,13B,13B, , ,997304,199432,997661,199434,0,0, ,0,0019807,0019815,M,M, , , 1,46642.0,40115.0,       ,       ,1922608883,1922614179,0031134,2,50.0,54.0, , 3,TW,,25,C, 2, 2, 4,,  , ,    455,    511,    480,    518,455,511,480,518,3535201000000, , ,2,356.7447101910741,III,III,Shared,Shared,1,30.0,13.0,0.0,1.0,0.0,8.0,0.0,3.0,0.0,14.0,10.0,6.0,9.0,0.0,,,,,,0,5,1,356.7447101910741,0.06756528602103676,444.0149930048304,133.20449790144912,380.0526225696338,121.69642606045448,1.0,1.0,0.0,0.16666666666666666,0.7166666666666667,24,0.7166666666666667,0.8583333333333334,0.5750000000000001,3,0,0,0,0,0.0,0.6666666666666667,34,0.6666666666666667,0.7583333333333333,0.475
49514,5 AVENUE,                                ,0,U, ,B, ,T,DOT, ,8816,08140,305580,      ,01,  ,  ,  ,  ,  ,  ,  ,  ,1,20594,1,X,11220,11220,3.0,3.0,307,307,302,201, 100,  ,  76,  ,3000, ,2000, , 100,  ,  76,  ,3000, ,2000, , 100,  ,  76,  ,3000, ,2000, , 100,  ,  76,  ,51,012,51,011, ,15,20,,4D,4D, ,22A,22A, , ,980740,173490,980578,173286,0,0, ,0,0013801,0013800,M,M, , , 1,53410.0,46151.0,       ,       ,1922605666,1922605050,0020594,2,42.0,42.0, , 3,TW,,25,C, 2, 2, 4,,  , ,   5401,   5499,   5400,   5498,5401,5499,5400,5498,3881601000000, , , ,260.53089245907603,III,III,Shared,Shared,1,18.0,14.0,0.0,5.0,0.0,5.0,0.0,2.0,0.0,5.0,8.0,5.0,10.0,0.0,,,,,,1,0,1,260.53089245907603,0.04934297205664319,364.79359166563637,202.66310648090908,364.79359166563637,121.69642606045448,0.9598502154758802,1.0,0.125,0.0,0.7109475754165581,27,0.7109475754165581,0.8444325969641461,0.57746255386897,3,0,0,0,0,0.0,0.656705064642764,35,0.656705064642764,0.7464400861903522,0.47322004309517607
47945,MYRTLE AVENUE,                                ,0,U, ,B, ,T,DOT, ,5504,00490,363030,      ,01,  ,  ,  ,  ,  ,  ,  ,  ,1,44714,1, ,11221,11221,3.0,3.0,304,304,105,104, 423,  , 423,  ,1003, ,1004, , 423,  , 423,  ,1003, ,1004, , 423,  , 423,  ,1002, ,1003, , 423,  , 423,  ,53,019,53,019, ,32,32,,1A,1A, ,13B,13B, , ,1004753,193585,1004949,193615,0,0, ,0,0027659,0027662,M,M, , , 1,47432.0,40850.0,       ,       ,1922603790,1922602182,0044714,2,34.0,35.0, , 3,FT,,25,C, 2, 2, 4,,  , ,   1307,   1309,   1276,   1286,1307,1309,1276,1286,3550401000000, , ,2,198.34504265027576,III,III,Shared,,1,17.0,11.0,0.0,3.0,0.0,2.0,0.0,6.0,0.0,7.0,6.0,4.0,5.0,0.0,,,,,,0,2,1,198.34504265027576,0.03756534898679465,452.54471097755567,133.10138558163402,380.0526225696338,121.69642606045448,1.0,1.0,0.0,0.06666666666666667,0.7066666666666667,29,0.7066666666666667,0.8533333333333334,0.56,3,0,0,0,0,0.0,0.6566666666666667,36,0.6566666666666667,0.7533333333333333,0.45999999999999996
14149,ST ANNS AVENUE,                                ,0,U, ,B, ,T,DOT, ,6216,01070,265620,      ,01,  ,  ,  ,  ,  ,  ,  ,  ,1,70156,1,X,10454,10454,2.0,2.0,201,201,102,301,  39,  ,  27,02,1001, ,3001, ,  39,  ,  27,02,1001, ,3001, ,  39,  ,  27,02,1001, ,3000, ,  39,  ,  27,02,84,038,84,036, ,07,07,,2A,2A, ,6A ,6A , , ,1007090,233232,1007223,233484,0,0, ,0,0043048,0043049,M,M, , , 1,59537.0,51915.0,       ,       ,1422602234,1422605713,0070156,2,42.0,44.0, , 3,TW,,25,C, 2, 2, 4,,  , ,    221,    229,    236,    274,221,229,236,274,2621601000000, , , ,285.6084238597748,III,III,Shared,Shared,1,30.0,24.0,0.0,9.0,0.0,3.0,0.0,10.0,0.0,11.0,10.0,9.0,12.0,0.0,,,,,,0,1,1,285.6084238597748,0.054092504518896745,554.6054904801045,221.84219619204183,380.0526225696338,121.69642606045448,1.0,1.0,0.0,0.03333333333333333,0.7033333333333333,31,0.7033333333333333,0.8516666666666668,0.555,3,0,0,0,0,0.0,0.6533333333333333,37,0.6533333333333333,0.7516666666666667,0.45499999999999996
173104,89 AVENUE,                                ,0,U, ,B, ,A,DOT, ,6024,07110,418040,      ,01,  ,  ,  ,  ,  ,  ,  ,  ,1,57275,1,X,11432,11432,4.0,4.0,412,412,204,101, 236,  , 240,  ,2003, ,2000, , 236,  , 240,  ,2003, ,2000, , 236,  , 240,  ,2003, ,1000, , 236,  , 240,  ,32,005,32,005, ,28,28,,1C,1C, ,14D,14D, , ,1038965,196364,1039242,196467,0,0, ,0,0035231,0035332,M,M, , , 1,20092.0,16993.0,       ,       ,0062260319,0062261775,0057275,2,30.0,30.0, , 2,TF,,25,C, 1, 2, 3,,  , ,153-029,158-099,153-022,158-098,153029,158099,153022,158098,4602401000000, , , ,295.1004473402551,II,II,,Conventional,1,20.0,20.0,0.0,8.0,0.0,3.0,0.0,9.0,0.0,7.0,7.0,6.0,11.0,0.0,,,,,,1,0,1,295.1004473402551,0.05589023623868467,357.8442559195503,196.81434075575265,357.8442559195503,121.69642606045448,0.9415650219700445,1.0,0.125,0.0,0.7045477576895156,30,0.7045477576895156,0.83620425988652,0.5728912554925111,3,0,0,0,0,0.0,0.6512195065910134,38,0.6512195065910134,0.7391260087880178,0.4695630043940089
16666,WEST 170 STREET,                                ,0,U, ,B, ,W,DOT, ,7904,01050,274360,      ,01,  ,  ,  ,  ,  ,  ,  ,  ,1,71644,1, ,10452,10452,2.0,2.0,204,204,105,104, 201,  , 201,  ,2002, ,2001, , 201,  , 201,  ,2002, ,2001, , 201,  , 201,  ,1003, ,1002, , 201,  , 201,  ,77,009,77,010, ,09,09,,3A,3A, ,3B ,3B , , ,1005044,245866,1004867,245966,0,0, ,0,0043891,0043794,M,M, , , 1,63190.0,55322.0,       ,       ,1322605769,1322600666,0071644,2,34.0,34.0, , 2,FT,,25,H, 2, 2, 4,,  , ,    160,    182,    161,    171,160,182,161,171,2790401000000, , , ,202.98059045663172,II,II,Conventional Buffered,,1,14.0,8.0,0.0,2.0,0.0,2.0,0.0,4.0,0.0,5.0,4.0,5.0,4.0,0.0,,,,,,0,0,1,202.98059045663172,0.03844329364708934,364.1727508709438,104.04935739169822,364.1727508709438,104.04935739169822,0.9582166501277584,0.8549910688421546,0.0,0.0,0.649123594755254,65,0.649123594755254,0.7804443666522454,0.5105523763003705,0,1,0,1,1,0.5,0.6512127622488662,39,0.6512127622488662,0.7397839807037498,0.49489199035187487
13195,MORRIS PARK AVENUE,                                ,0,U, ,B, ,T,DOT, ,4840,00140,252220,      ,01,  ,  ,  ,  ,  ,  ,  ,  ,1,86027,1, ,10462,10462,2.0,2.0,211,211,101,106, 236,  , 236,  ,1000, ,2000, , 236,  , 236,  ,1000, ,2000, , 236,  , 236,  ,1000, ,1005, , 236,  , 236,  ,80,005,80,009, ,11,11,,1D,1D, ,4B ,4B , , ,1021082,247186,1021292,247243,0,0, ,0,0052518,0052519,M,M, , , 1,56248.0,48816.0,       ,       ,1522604404,1522606026,0086027,2,60.0,60.0, , 2,TW,,25,C, 2, 2, 4,,  , ,    675,    691,    674,    698,675,691,674,698,2484001000000, , ,2,217.96774482390424,II,II,Conventional,Conventional,1,32.0,22.0,0.0,11.0,0.0,2.0,0.0,9.0,0.0,10.0,12.0,10.0,13.0,0.0,,,,,,0,0,1,217.96774482390424,0.041281769853012164,775.1605639472139,314.9089791035556,380.0526225696338,121.69642606045448,1.0,1.0,0.0,0.0,0.7,32,0.7,0.8500000000000001,0.55,3,0,0,0,0,0.0,0.65,40,0.65,0.75,0.44999999999999996
50664,BAY PARKWAY,                                ,0,U, ,B, ,T,DCP, ,0912,00550,317330,      ,01,  ,  ,  ,  ,  ,  ,  ,  ,1,192045,1,X,11214,11214,3.0,3.0,311,311,110,176, 294,  , 292,  ,1003, ,3000, , 294,  , 292,  ,1003, ,1003, , 294,  , 320,  ,1003, ,1000, , 294,  , 320,  ,46,030,47,010, ,20,20,,5E,5E, ,28C,28C, , ,984623,156877,984432,156639,0,0, ,0,0012776,0012773,M,M, , , 1,51301.0,44229.0,       ,       ,1822601445,1822601904,0192045,2,60.0,60.0, , 3,FT,,25,C, 4, 2, 6,20,  , ,   8835,   8861,   8830,   8872,8835,8861,8830,8872,3091201000000, , ,2,305.8032191209012,III,III,Signed Route,,1,54.0,36.0,0.0,13.0,0.0,1.0,0.0,19.0,0.0,24.0,20.0,10.0,14.0,0.0,9.0,3887.0,5312.0,4610.0,13487.0,0,0,1,305.8032191209012,0.05791727634865553,932.3642858294309,241.7240741039265,380.0526225696338,121.69642606045448,1.0,1.0,0.0,0.0,0.7,34,0.7,0.8500000000000001,0.55,3,0,0,0,0,0.0,0.65,41,0.65,0.75,0.44999999999999996
32254,WESTCHESTER AVENUE BRIDGE,                                ,0,U, ,B, ,T,DCP, ,8222,00050,276950,      ,03,01,  ,  ,  ,  ,  ,  ,  ,1,341627,1,X,10472,10472,2.0,2.0,209,209,303,207,  54,  ,  52,  ,3000, ,1002, ,  54,  ,  52,  ,3001, ,1002, ,  54,  ,  52,  ,3001, ,2000,B,  54,  ,  52,  ,85,043,85,044, ,12,08,,1A,1A, ,3D ,3D , , ,1016463,241064,1016643,241072,0,0, ,0,9061491,0048263,M,M, , , 1,195821.0,180722.0,       ,       ,1422603405,1422602974,0079068,2,40.0,75.0, , 3,TW,,25,C, 3, 1, 4,,  , ,,,,,0,0,0,0,2822203010000, , ,2,180.09620391155866,III,III,Shared,Shared,1,32.0,28.0,0.0,3.0,0.0,5.0,0.0,19.0,0.0,18.0,7.0,7.0,8.0,0.0,,,,,,0,0,1,180.09620391155866,0.03410912952870429,938.1652490741703,234.54131226854258,380.0526225696338,121.69642606045448,1.0,1.0,0.0,0.0,0.7,35,0.7,0.8500000000000001,0.55,3,0,0,0,0,0.0,0.65,42,0.65,0.75,0.44999999999999996
44949,5 AVENUE,                                ,0,U, ,B, ,T,DOT, ,8816,08090,305580,      ,01,  ,  ,  ,  ,  ,  ,  ,  ,1,20716,1,X,11220,11220,3.0,3.0,307,307,201,201,  98,  ,  78,  ,2000, ,2000, ,  98,  ,  78,  ,2000, ,2000, ,  98,  ,  78,  ,2001, ,2000, ,  98,  ,  78,  ,51,016,51,013, ,15,15,,3D,3D, ,22A,22A, , ,981548,174510,981386,174306,0,0, ,0,0013863,0013862,M,M, , , 1,53405.0,46146.0,       ,       ,1922609097,1922610838,0020716,2,42.0,44.0, , 3,TW,,25,C, 2, 2, 4,,  , ,   4901,   4999,   4900,   4998,4901,4999,4900,4998,3881601000000, , , ,260.5328602143159,III,III,Shared,Shared,1,20.0,14.0,0.0,5.0,0.0,6.0,0.0,2.0,0.0,9.0,6.0,5.0,11.0,0.0,,,,,,0,0,1,260.5328602143159,0.04934334473755983,405.3231516098691,222.927733385428,380.0526225696338,121.69642606045448,1.0,1.0,0.0,0.0,0.7,36,0.7,0.8500000000000001,0.55,3,0,0,0,0,0.0,0.65,43,0.65,0.75,0.44999999999999996
69641,PITKIN AVENUE,                                ,0,U, ,B, ,T,DOT, ,6356,00120,370930,      ,01,02,  ,  ,  ,  ,  ,  ,  ,1,44010,1, ,11212,11212,3.0,3.0,316,316,304,201, 906,  , 906,  ,1001, ,2003, , 906,  , 906,  ,1001, ,2003, , 906,  , 904,  ,3001, ,2000, , 906,  , 904,  ,55,023,55,024, ,23,23,,2A,2A, ,17D,17D, , ,1009011,183273,1009271,183324,0,0, ,0,0027260,0027261,M,M, , , 1,70641.0,61308.0,       ,       ,2022602953,2022602130,0044010,2,44.0,44.0, , 3,TW,,25,C, 2, 2, 4,,  , ,   1693,   1715,   1694,   1716,1693,1715,1694,1716,3635601020000, , , ,265.4104463142211,III,III,Shared,Shared,1,38.0,17.0,0.0,6.0,0.0,4.0,0.0,6.0,0.0,18.0,14.0,6.0,10.0,0.0,,,,,,0,0,1,265.4104463142211,0.05026712998375399,755.9612019282055,198.93715840215933,380.0526225696338,121.69642606045448,1.0,1.0,0.0,0.0,0.7,38,0.7,0.8500000000000001,0.55,3,0,0,0,0,0.0,0.65,44,0.65,0.75,0.44999999999999996
52660,BATH AVENUE,                                ,0,U, ,B, ,T,DOT, ,0896,00250,315780,      ,01,  ,  ,  ,  ,  ,  ,  ,  ,1,18721,1, ,11214,11214,3.0,3.0,311,311,101,204, 292,  , 292,  ,1002, ,2002, , 292,  , 292,  ,2002, ,1002, , 292,  , 292,  ,1000, ,2000, , 292,  , 292,  ,47,036,47,035, ,20,20,,5E,5E, ,28C,28C, , ,984786,157528,984989,157345,0,0, ,0,0012788,0012789,M,M, , , 1,42247.0,36338.0,       ,       ,1822606389,1822608505,0018721,2,50.0,50.0, , 2,TW,,25,C, 2, 2, 4,,  , ,   2149,   2199,   2150,   2198,2149,2199,2150,2198,3089601000000, , , ,273.86985265697285,II,II,Conventional,Conventional,1,31.0,20.0,0.0,9.0,0.0,1.0,0.0,10.0,0.0,8.0,16.0,7.0,10.0,0.0,,,,,,0,0,1,273.8698526347172,0.05186929027172674,597.656143695062,192.79230441776195,380.0526225696338,121.69642606045448,1.0,1.0,0.0,0.0,0.7,39,0.7,0.8500000000000001,0.55,3,0,0,0,0,0.0,0.65,45,0.65,0.75,0.44999999999999996
59681,KNICKERBOCKER AVENUE,KNICKERBOCKER AVENUE            ,0,U, ,B, ,A,DOT,S,4800,00150,354100,354100,01,  ,  ,  ,  ,  ,  ,  ,  ,1,44879,3, ,11237,11237,3.0,3.0,304,304,202,201, 429,  , 429,  ,3000, ,3001, , 429,  , 429,  ,3000, ,3001, , 429,  , 429,  ,2000, ,2003, , 429,  , 429,  ,53,017,53,017, ,32,32,,1B,1B, ,13B,13B, , ,1005563,194872,1005771,194717,0,0, ,0,0027752,0027753,M,M, , , 1,70467.0,61147.0,       ,       ,1922606178,1922607555,0044879,2,34.0,34.0, , 2,TF,,25,C, 1, 2, 3,,  , ,,,    336,    336,0,0,336,336,35410001000000S, , , ,259.6652202792824,II,II,,Conventional,2,25.0,12.0,0.0,5.0,0.0,4.0,0.0,3.0,0.0,12.0,7.0,6.0,9.0,0.0,,,,,,0,0,1,259.6652202792824,0.04917901899228833,508.3468623869907,183.00487045931666,380.0526225696338,121.69642606045448,1.0,1.0,0.0,0.0,0.7,41,0.7,0.8500000000000001,0.55,3,0,0,0,0,0.0,0.65,46,0.65,0.75,0.44999999999999996
32223,GERARD AVENUE,                                ,0,U, ,B, ,W,DOT, ,3400,00075,235020,      ,01,  ,  ,  ,  ,  ,  ,  ,  ,1,341489,1, ,10451,10451,2.0,2.0,204,204,240,236,  63,01,  63,01,3001, ,4002, ,  63,  ,  63,  ,5001, ,6002, ,  59,01,  59,01,2003, ,2004, ,  59,01,  59,01,84,055,84,055, ,07,07,,1A,1A, ,6A ,6A , , ,1004251,239027,1004319,239189,0,0, ,0,9061417,0042885,M,M, , , 1,195752.0,180667.0,       ,       ,1422604729,1422607391,0069840,2,32.0,32.0, , 2,FT,,25,S, 1, 2, 3,,  , ,    673,    687,    664,    680,673,687,664,680,2340001000000, , , ,176.2193313612367,II,II,Conventional,,1,14.0,5.0,0.0,4.0,0.0,1.0,0.0,0.0,0.0,3.0,5.0,6.0,5.0,0.0,,,,,,0,0,1,176.2193313612367,0.033374873363870586,419.4772470704104,149.81330252514655,380.0526225696338,121.69642606045448,1.0,1.0,0.0,0.0,0.7,42,0.7,0.8500000000000001,0.55,3,0,0,0,0,0.0,0.65,47,0.65,0.75,0.44999999999999996
45451,5 AVENUE,                                ,0,U, ,B, ,T,DOT, ,8816,06060,305580,      ,01,  ,  ,  ,  ,  ,  ,  ,  ,1,28941,1,X,11217,11217,3.0,3.0,306,306,203,202, 129,02, 129,01,2006, ,2001, , 129,02, 129,01,2002, ,2001, , 129,02, 129,01,2002, ,2001, , 129,02, 129,01,52,072,52,072, ,13,13,,3D,3D, ,16C,16C, , ,990503,187330,990403,187133,0,0, ,0,0018563,0018562,M,M, , , 1,53394.0,46135.0,       ,       ,1922612737,1922610193,0028941,2,40.0,40.0, , 3,TW,,25,C, 2, 2, 4,,  , ,     63,     77,     72,     90,63,77,72,90,3881601000000, , , ,220.78745434564146,III,III,Shared,Shared,1,17.0,10.0,0.0,1.0,0.0,5.0,0.0,4.0,0.0,8.0,8.0,1.0,6.0,0.0,,,,,,0,0,1,220.78745434564146,0.04181580574728058,406.54483863689666,143.48641363655176,380.0526225696338,121.69642606045448,1.0,1.0,0.0,0.0,0.7,43,0.7,0.8500000000000001,0.55,3,0,0,0,0,0.0,0.65,48,0.65,0.75,0.44999999999999996
65992,EAST NEW YORK AVENUE,                                ,0,U, ,B, ,T,DOT, ,5594,03299,338330,      ,01,  ,  ,  ,  ,  ,  ,  ,  ,1,9002262,1,X,11212,11212,3.0,3.0,316,316,210,105, 363,  , 902,  ,3003, ,1000, , 363,  , 902,  ,3003, ,1000, , 363,  , 902,  ,2004, ,1000, , 363,  , 902,  ,55,050,55,050, ,23,23,,1B,1B, ,17B,17B, , ,1007955,183633,1008096,183714,0,0, ,0,9004553,0027175,M,M, , , 1,71998.0,62572.0,0002258,       ,2022605256,2022609866,0043747,2,34.0,35.0, , 3,TW,,25,C, 2, 1, 3,,  , ,   1439,   1445,   1442,   1454,1439,1445,1442,1454,3559401000000, , ,2,161.95395740546323,III,III,Shared,Shared,1,14.0,6.0,0.0,2.0,0.0,2.0,0.0,2.0,0.0,5.0,5.0,4.0,4.0,0.0,,,,,,0,0,1,161.95395740546323,0.030673097993458943,456.42601875381183,130.40743392966053,380.0526225696338,121.69642606045448,1.0,1.0,0.0,0.0,0.7,44,0.7,0.8500000000000001,0.55,3,0,0,0,0,0.0,0.65,49,0.65,0.75,0.44999999999999996
8420,GLEASON AVENUE,                                ,0,U, ,B, ,A,DOT, ,3448,00120,235720,      ,01,  ,  ,  ,  ,  ,  ,  ,  ,1,86107,1, ,10472,10472,2.0,2.0,209,209,995,302,  72,  ,  72,  ,2000, ,2001, ,  72,  ,  72,  ,2000, ,2001, ,  72,  ,  72,  ,3000, ,3002, ,  72,  ,  72,  ,87,039,87,041, ,08,08,,4E,4E, ,4B ,4B , , ,1022382,241854,1022545,241882,0,0, ,0,0052562,0052564,M,M, , , 1,50657.0,43692.0,       ,       ,1422602994,1422602446,0086107,2,30.0,30.0, , 2,TF,,25,S, 1, 2, 3,,  , ,   1883,   1899,   1880,   1898,1883,1899,1880,1898,2344801000000, , , ,165.38014857439282,II,II,,Conventional,1,13.0,7.0,0.0,3.0,0.0,1.0,0.0,2.0,0.0,5.0,4.0,4.0,4.0,0.0,,,,,,0,0,1,165.38014857439282,0.03132199783605925,415.04376789892484,127.70577473813071,380.0526225696338,121.69642606045448,1.0,1.0,0.0,0.0,0.7,45,0.7,0.8500000000000001,0.55,2,0,0,0,0,0.0,0.65,50,0.65,0.75,0.44999999999999996
